sequence,structure,mfe
CAUGCUGUUAUCCAUACCCC,....................,0.0
CCGAUCACGCAGGCUUAGCA,........((.......)).,-0.4000000059604645
GGUGCCGAACAGUAGCACUC,(((((.........))))).,-4.0
UUAAUGCGUUGGCUGUAGCA,(((..((....))..)))..,-1.5
AGGAUUAUUGUAUGAUAGUC,..(((((((....))))))),-2.799999952316284
AGUAAGGCUCCGUACUGUAA,((((........))))....,-0.6000000238418579
GCUAUAAGGGACGCCGCUUA,....((((.(....).)))),-2.200000047683716
AUAGUUUUCGCAGCGCCACU,....................,0.0
UUUUGAUACCAUGUGACUAU,....................,0.0
CACGCCGUACUUGCAGCAUU,...((.((....)).))...,-1.600000023841858
CUUUGGUCCAAAAAAGAGUA,((((........))))....,-1.0
CUCACAGUUACGUACCUCUG,....................,0.0
GAAGACAUCUAGAGCGUAGC,....................,0.0
AUGCUGUGCCGGUUCUUUGA,..((((...)))).......,-0.6000000238418579
GGAGACCGGCCAAAACGCCG,......((((......)))),-5.099999904632568
GCGGGCUGGUAUCGACAAGC,....(((.((....)).))),-1.399999976158142
CCUAAUCAAACGCUAGUUGC,........(((....)))..,-0.4000000059604645
CCACGGCAAUAUCGUCGCGA,.(.((((......)))).).,-4.400000095367432
ACGCCCAGCGAGGCACUAAG,..(((......)))......,-3.799999952316284
AUCAGCUCGCCGUUACGCGU,.......(((......))).,-2.200000047683716
GGCUGUUACUACAUAGUUUC,.(((((......)))))...,-1.899999976158142
CAUCCCCAAGAUCUCGGGGC,...((((........)))).,-6.400000095367432
UCCAAAUUCAGAUAGCGAAU,....................,0.0
UUACGUUUCUCGUGGUUCGG,(((((.....))))).....,-2.0999999046325684
AAAAGGAUGAAGGUUGACCU,..........(((....))),-0.699999988079071
AAACUCCAGGCCUAAUGCCA,........(((.....))).,-3.299999952316284
GGCUAAUGGACCGUGGUUUA,((((...)).))........,-0.800000011920929
CGGCUACAAGAAAGUAGCAU,..(((((......)))))..,-6.5
CCAAAUCUGACCGACUAGUG,....................,0.0
GACUCCAGCCUUUGUUGUCU,(((..((.....))..))).,-2.4000000953674316
GGUGACAGAUAUGCGUUCUU,....................,0.0
GAUAAUGCUUACAUAUGUAC,.....(((........))).,-0.20000000298023224
ACGCCCAUCACAAAACAUAU,....................,0.0
AAUGAGAUGCCUCGAAAUUC,...(((....))).......,-1.899999976158142
CACUUCCAAGGACAUGGCCG,.....(((......)))...,-0.800000011920929
CGGUAGUUGAGCGACCGGUU,((((.((...)).))))...,-4.599999904632568
UGGGCCACAUCGUAUAAGCG,....................,0.0
GAUUGGCAUGGAAGACUAAA,....................,0.0
GCUCAGCGAUCAUGACCCAC,....................,0.0
UAUACUGAAGUGCAUCAAGA,....................,0.0
GCCGGGAAGCUGACUCCCGU,..(((((.......))))).,-6.900000095367432
CGUUUAAGAACCCUGAGAUA,....................,0.0
GGUCCUUAGUGCUUAAGCGU,..........((....))..,-0.30000001192092896
AGAGAUAAAAACGAUGUCUU,.((((((.......)))))),-2.299999952316284
AUUUUUGCCGCAAGUUCUUC,....................,0.0
GUACUUAUGGUUGUCCCUGC,........((....))....,-0.10000000149011612
UGGCGAGGGUUCCUUAACGA,((..((((...))))..)).,-2.9000000953674316
AGUGUGUGUGGUGACAAAUG,....(((......)))....,-0.699999988079071
CCCCUGCCGAGUUUACCAGA,....................,0.0
UUCUGGUAACUGCAGCAUAU,..(((.......))).....,-0.8999999761581421
