label,sequence,length,vienna_mfe_structure,vienna_mfe_energy,quantum_method,quantum_structure,quantum_real_energy,real_energy_gap,precision,recall,f1,base_pair_distance,hamming_distance
8nt,GCGAUAGC,8,((....)),-0.10000000149011612,QAOA,((....)),-0.10000000149011612,0.0,1.0,1.0,1.0,0,0
9nt,GCAGGAGCA,9,((....)).,-1.0,QAOA,((....)).,-1.0,0.0,1.0,1.0,1.0,0,0
10nt_a,GCCGCGCGGC,10,(((....))),-2.5999999046325684,CVaR-VQE,(((....))),-2.5999999046325684,0.0,1.0,1.0,1.0,0,0
10nt_b,CCAGAAAGGA,10,((.....)).,-0.20000000298023224,QAOA,((.....)).,-0.20000000298023224,0.0,1.0,1.0,1.0,0,0
10nt_c,GCGCAUGCGC,10,(((....))),-1.2999999523162842,CVaR-VQE,(((....))),-1.2999999523162842,0.0,1.0,1.0,1.0,0,0
11nt,CGGAAGACCGA,11,(((....))).,-2.299999952316284,QAOA,(((....))).,-2.299999952316284,0.0,1.0,1.0,1.0,0,0
12nt,ACCACAGGUAAA,12,(((...)))...,-0.30000001192092896,QAOA,(((...)))...,-0.30000001192092896,0.0,1.0,1.0,1.0,0,0
13nt,GCGAAAAAUUCGA,13,.((((...)))).,-1.100000023841858,CVaR-VQE,.((((...)))).,-1.100000023841858,0.0,1.0,1.0,1.0,0,0
14nt,AACCACAGGUAAAA,14,.(((...)))....,-0.6000000238418579,CVaR-VQE,(.((...)))....,3.5,4.100000023841858,0.6666666666666666,0.6666666666666666,0.6666666666666666,2,2
12nt_wobble,CGCUAAAGGCGA,12,((((...)))).,-3.0999999046325684,CVaR-VQE,((((...)))).,-3.0999999046325684,0.0,1.0,1.0,1.0,0,0
12nt_au,AAUGCUAAUGCA,12,..(((....))),-1.7999999523162842,CVaR-VQE,..(((....))),-1.7999999523162842,0.0,1.0,1.0,1.0,0,0
13nt_gc,GGCCAAGACGGCC,13,((((.....)))),-5.800000190734863,CVaR-VQE,((((.....)))),-5.800000190734863,0.0,1.0,1.0,1.0,0,0
