Label,Sequence,Qubits,Noise Level,Depolarizing Probability,Cost Hamiltonian Expectation,Success Probability,Performance Loss (%)
8nt,GCGAUAGC,4,No Noise,0.0,-9.2691,1.0,0.0
8nt,GCGAUAGC,4,Low Noise,0.01,-8.8181,0.9513,4.87
8nt,GCGAUAGC,4,Medium Noise,0.05,-7.1308,0.7693,23.07
8nt,GCGAUAGC,4,High Noise,0.1,-5.3211,0.5741,42.59
9nt,GCAGGAGCA,3,No Noise,0.0,-3.7091,1.0,0.0
9nt,GCAGGAGCA,3,Low Noise,0.01,-3.4574,0.9321,6.79
9nt,GCAGGAGCA,3,Medium Noise,0.05,-2.5966,0.7001,29.99
9nt,GCAGGAGCA,3,High Noise,0.1,-1.7941,0.4837,51.63
10nt_a,GCCGCGCGGC,11,No Noise,0.0,-101.0686,1.0,0.0
10nt_a,GCCGCGCGGC,11,Low Noise,0.01,-97.0136,0.9599,4.01
10nt_a,GCCGCGCGGC,11,Medium Noise,0.05,-79.5167,0.7868,21.32
10nt_a,GCCGCGCGGC,11,High Noise,0.1,-58.5196,0.579,42.1
10nt_b,CCAGAAAGGA,4,No Noise,0.0,-9.3323,1.0,0.0
10nt_b,CCAGAAAGGA,4,Low Noise,0.01,-8.9689,0.9611,3.89
10nt_b,CCAGAAAGGA,4,Medium Noise,0.05,-7.5941,0.8137,18.63
10nt_b,CCAGAAAGGA,4,High Noise,0.1,-6.0534,0.6486,35.14
11nt,CGGAAGACCGA,6,No Noise,0.0,-20.6609,1.0,0.0
11nt,CGGAAGACCGA,6,Low Noise,0.01,-19.9652,0.9663,3.37
11nt,CGGAAGACCGA,6,Medium Noise,0.05,-17.3076,0.8377,16.23
11nt,CGGAAGACCGA,6,High Noise,0.1,-14.2603,0.6902,30.98
12nt,ACCACAGGUAAA,6,No Noise,0.0,-20.6609,1.0,0.0
12nt,ACCACAGGUAAA,6,Low Noise,0.01,-19.9652,0.9663,3.37
12nt,ACCACAGGUAAA,6,Medium Noise,0.05,-17.3076,0.8377,16.23
12nt,ACCACAGGUAAA,6,High Noise,0.1,-14.2603,0.6902,30.98
13nt,GCGAAAAAUUCGA,13,No Noise,0.0,-16.6608,1.0,0.0
13nt,GCGAAAAAUUCGA,13,Low Noise,0.01,-14.0336,0.8423,15.77
13nt,GCGAAAAAUUCGA,13,Medium Noise,0.05,-6.77,0.4063,59.37
13nt,GCGAAAAAUUCGA,13,High Noise,0.1,-2.5148,0.1509,84.91
14nt,AACCACAGGUAAAA,8,No Noise,0.0,-30.1661,1.0,0.0
14nt,AACCACAGGUAAAA,8,Low Noise,0.01,-28.9846,0.9608,3.92
14nt,AACCACAGGUAAAA,8,Medium Noise,0.05,-24.1668,0.8011,19.89
14nt,AACCACAGGUAAAA,8,High Noise,0.1,-18.4948,0.6131,38.69
