sequence_label,sequence,length,gc_percent,n_qubits,method,trial,qubo_energy,true_qubo_optimum,energy_gap,success,runtime_seconds,f1_vs_vienna_mfe,vienna_mfe_kcal_mol
8nt,GCGAUAGC,8,62.5,4,vqe,0,-4.0,-4.0,0.0,True,0.2534828186035156,1.0,-0.10000000149011612
8nt,GCGAUAGC,8,62.5,4,vqe,1,-4.0,-4.0,0.0,True,0.20739293098449707,1.0,-0.10000000149011612
8nt,GCGAUAGC,8,62.5,4,vqe,2,-4.0,-4.0,0.0,True,0.22373580932617188,1.0,-0.10000000149011612
8nt,GCGAUAGC,8,62.5,4,vqe,3,-4.0,-4.0,0.0,True,0.25660276412963867,1.0,-0.10000000149011612
8nt,GCGAUAGC,8,62.5,4,vqe,4,-4.0,-4.0,0.0,True,0.23051166534423828,1.0,-0.10000000149011612
8nt,GCGAUAGC,8,62.5,4,qaoa,0,-4.0,-4.0,0.0,True,77.44361066818237,1.0,-0.10000000149011612
8nt,GCGAUAGC,8,62.5,4,qaoa,1,-4.0,-4.0,0.0,True,90.04627442359924,1.0,-0.10000000149011612
8nt,GCGAUAGC,8,62.5,4,qaoa,2,-4.0,-4.0,0.0,True,82.3959412574768,1.0,-0.10000000149011612
9nt,GCAGGAGCA,9,66.66666666666667,3,vqe,0,-4.0,-4.0,0.0,True,0.1262516975402832,1.0,-1.0
9nt,GCAGGAGCA,9,66.66666666666667,3,vqe,1,-4.0,-4.0,0.0,True,0.14542222023010254,1.0,-1.0
9nt,GCAGGAGCA,9,66.66666666666667,3,vqe,2,-4.0,-4.0,0.0,True,0.12264347076416016,1.0,-1.0
9nt,GCAGGAGCA,9,66.66666666666667,3,vqe,3,-4.0,-4.0,0.0,True,0.12906932830810547,1.0,-1.0
9nt,GCAGGAGCA,9,66.66666666666667,3,vqe,4,-4.0,-4.0,0.0,True,0.1270275115966797,1.0,-1.0
9nt,GCAGGAGCA,9,66.66666666666667,3,qaoa,0,-4.0,-4.0,0.0,True,94.15284752845764,1.0,-1.0
9nt,GCAGGAGCA,9,66.66666666666667,3,qaoa,1,-4.0,-4.0,0.0,True,78.35213899612427,1.0,-1.0
9nt,GCAGGAGCA,9,66.66666666666667,3,qaoa,2,-4.0,-4.0,0.0,True,78.50731754302979,1.0,-1.0
10nt_a,GCCGCGCGGC,10,100.0,11,vqe,0,-6.0,-6.0,0.0,True,4.94409704208374,1.0,-2.5999999046325684
10nt_a,GCCGCGCGGC,10,100.0,11,vqe,1,-6.0,-6.0,0.0,True,5.2570273876190186,1.0,-2.5999999046325684
10nt_a,GCCGCGCGGC,10,100.0,11,vqe,2,-6.0,-6.0,0.0,True,4.798639297485352,1.0,-2.5999999046325684
10nt_a,GCCGCGCGGC,10,100.0,11,vqe,3,-6.0,-6.0,0.0,True,4.7407307624816895,1.0,-2.5999999046325684
10nt_a,GCCGCGCGGC,10,100.0,11,vqe,4,-6.0,-6.0,0.0,True,4.6333167552948,1.0,-2.5999999046325684
10nt_a,GCCGCGCGGC,10,100.0,11,qaoa,0,-4.0,-6.0,2.0,False,1335.6875851154327,0.4,-2.5999999046325684
10nt_a,GCCGCGCGGC,10,100.0,11,qaoa,1,-4.0,-6.0,2.0,False,1256.646850824356,0.4,-2.5999999046325684
10nt_a,GCCGCGCGGC,10,100.0,11,qaoa,2,-4.0,-6.0,2.0,False,7340.587916135788,0.4,-2.5999999046325684
10nt_b,CCAGAAAGGA,10,50.0,4,vqe,0,-4.0,-4.0,0.0,True,0.5869190692901611,1.0,-0.20000000298023224
10nt_b,CCAGAAAGGA,10,50.0,4,vqe,1,-4.0,-4.0,0.0,True,0.5819003582000732,1.0,-0.20000000298023224
10nt_b,CCAGAAAGGA,10,50.0,4,vqe,2,-4.0,-4.0,0.0,True,0.6420211791992188,1.0,-0.20000000298023224
10nt_b,CCAGAAAGGA,10,50.0,4,vqe,3,-4.0,-4.0,0.0,True,0.6410164833068848,1.0,-0.20000000298023224
10nt_b,CCAGAAAGGA,10,50.0,4,vqe,4,-4.0,-4.0,0.0,True,0.5669262409210205,1.0,-0.20000000298023224
10nt_b,CCAGAAAGGA,10,50.0,4,qaoa,0,-4.0,-4.0,0.0,True,148.30559277534485,1.0,-0.20000000298023224
10nt_b,CCAGAAAGGA,10,50.0,4,qaoa,1,-4.0,-4.0,0.0,True,142.3966817855835,1.0,-0.20000000298023224
10nt_b,CCAGAAAGGA,10,50.0,4,qaoa,2,-4.0,-4.0,0.0,True,142.57415390014648,1.0,-0.20000000298023224
11nt,CGGAAGACCGA,11,63.63636363636363,6,vqe,0,-6.0,-6.0,0.0,True,1.0288801193237305,1.0,-2.299999952316284
11nt,CGGAAGACCGA,11,63.63636363636363,6,vqe,1,-6.0,-6.0,0.0,True,1.0089032649993896,1.0,-2.299999952316284
11nt,CGGAAGACCGA,11,63.63636363636363,6,vqe,2,-6.0,-6.0,0.0,True,1.2435815334320068,1.0,-2.299999952316284
11nt,CGGAAGACCGA,11,63.63636363636363,6,vqe,3,-6.0,-6.0,0.0,True,1.0673956871032715,1.0,-2.299999952316284
11nt,CGGAAGACCGA,11,63.63636363636363,6,vqe,4,-6.0,-6.0,0.0,True,1.0618853569030762,1.0,-2.299999952316284
11nt,CGGAAGACCGA,11,63.63636363636363,6,qaoa,0,-6.0,-6.0,0.0,True,204.4488024711609,1.0,-2.299999952316284
11nt,CGGAAGACCGA,11,63.63636363636363,6,qaoa,1,-6.0,-6.0,0.0,True,254.0322666168213,1.0,-2.299999952316284
11nt,CGGAAGACCGA,11,63.63636363636363,6,qaoa,2,-6.0,-6.0,0.0,True,248.51276445388794,1.0,-2.299999952316284
12nt,ACCACAGGUAAA,12,41.666666666666664,6,vqe,0,-6.0,-6.0,0.0,True,1.3902561664581299,1.0,-0.30000001192092896
12nt,ACCACAGGUAAA,12,41.666666666666664,6,vqe,1,-6.0,-6.0,0.0,True,1.1555137634277344,1.0,-0.30000001192092896
12nt,ACCACAGGUAAA,12,41.666666666666664,6,vqe,2,-6.0,-6.0,0.0,True,1.3448216915130615,1.0,-0.30000001192092896
12nt,ACCACAGGUAAA,12,41.666666666666664,6,vqe,3,-6.0,-6.0,0.0,True,1.54237699508667,1.0,-0.30000001192092896
12nt,ACCACAGGUAAA,12,41.666666666666664,6,vqe,4,-6.0,-6.0,0.0,True,1.1731934547424316,1.0,-0.30000001192092896
12nt,ACCACAGGUAAA,12,41.666666666666664,6,qaoa,0,-6.0,-6.0,0.0,True,232.4661841392517,1.0,-0.30000001192092896
12nt,ACCACAGGUAAA,12,41.666666666666664,6,qaoa,1,-6.0,-6.0,0.0,True,203.9734091758728,1.0,-0.30000001192092896
12nt,ACCACAGGUAAA,12,41.666666666666664,6,qaoa,2,-6.0,-6.0,0.0,True,215.99244236946106,1.0,-0.30000001192092896
13nt,GCGAAAAAUUCGA,13,38.46153846153846,13,vqe,0,-8.0,-8.0,0.0,True,3.4251692295074463,1.0,-1.100000023841858
13nt,GCGAAAAAUUCGA,13,38.46153846153846,13,vqe,1,-8.0,-8.0,0.0,True,3.858419895172119,1.0,-1.100000023841858
13nt,GCGAAAAAUUCGA,13,38.46153846153846,13,vqe,2,-6.0,-8.0,2.0,False,3.4838972091674805,0.5714285714285715,-1.100000023841858
13nt,GCGAAAAAUUCGA,13,38.46153846153846,13,vqe,3,-8.0,-8.0,0.0,True,3.338991641998291,1.0,-1.100000023841858
13nt,GCGAAAAAUUCGA,13,38.46153846153846,13,vqe,4,-8.0,-8.0,0.0,True,3.269496440887451,1.0,-1.100000023841858
14nt,AACCACAGGUAAAA,14,35.714285714285715,8,vqe,0,-6.0,-6.0,0.0,True,1.6543653011322021,0.6666666666666666,-0.6000000238418579
14nt,AACCACAGGUAAAA,14,35.714285714285715,8,vqe,1,-6.0,-6.0,0.0,True,1.65447998046875,1.0,-0.6000000238418579
14nt,AACCACAGGUAAAA,14,35.714285714285715,8,vqe,2,-6.0,-6.0,0.0,True,1.6656711101531982,1.0,-0.6000000238418579
14nt,AACCACAGGUAAAA,14,35.714285714285715,8,vqe,3,-6.0,-6.0,0.0,True,1.6865148544311523,0.6666666666666666,-0.6000000238418579
14nt,AACCACAGGUAAAA,14,35.714285714285715,8,vqe,4,-6.0,-6.0,0.0,True,1.665919542312622,0.6666666666666666,-0.6000000238418579
14nt,AACCACAGGUAAAA,14,35.714285714285715,8,qaoa,0,-4.0,-6.0,2.0,False,314.1884024143219,0.8,-0.6000000238418579
14nt,AACCACAGGUAAAA,14,35.714285714285715,8,qaoa,1,-6.0,-6.0,0.0,True,292.44822812080383,0.6666666666666666,-0.6000000238418579
14nt,AACCACAGGUAAAA,14,35.714285714285715,8,qaoa,2,-6.0,-6.0,0.0,True,5202.583919048309,0.6666666666666666,-0.6000000238418579
