sequence,structure,mfe
ACGAGCAUCAGCGGGUUUUC,((..((....))..))....,-1.100000023841858
GUCAGCGUCGGCAAAAGCUA,(((......)))........,-1.7999999523162842
AUACAUUCCUAGGUGCUCAU,....................,0.0
AAGGCGGUGGACCACUGACU,..(((((((...))))).)),-3.9000000953674316
UCCGUGCCGGACCGACAGAU,((((...)))).........,-2.700000047683716
GUGUCUAAACCACGUGGUAG,........(((....)))..,-1.899999976158142
UUUCAACUGUAGAUGCCUGC,........((((....)))),-1.5
UGGCGCUGUGCCAUCUAGUU,((((.....)))).......,-4.699999809265137
UAUCUACAGAGUAGGUCUAC,.((((((...))))))....,-3.0999999046325684
CGACAGAGGAAAUCGUUGCG,((((.((.....))))))..,-1.7999999523162842
CCGUCACCUAGUGGAUCAGC,......((....))......,-0.8999999761581421
AUUUCUCCAGGAUGGUAGCG,....(((((...))).))..,-0.699999988079071
AGGUACCGCCCCCUCAGGUC,.......(((......))).,-1.5
AGCACUGGUCAGAUAGAGGG,....................,0.0
AUUGGAGUCGGAGCAUCGGC,......((((......)))),-2.700000047683716
GGCUAGGGUCUGGCUAGCAC,.(((((.......)))))..,-6.5
CCGUUGCUGUAGCCAAUAUA,....................,0.0
GCUUACCACAUACACCCUCG,....................,0.0
GGGCUUGUCGUUCACCAGAC,((((.....)))).......,-1.899999976158142
AGGCGGCGUGCUCUAGCCAU,....(((........)))..,-5.0
CGAGAUCUGGUCUUAGCCGG,......(((((....))))),-4.0
GUACAUACUGCGUAAGGGCC,.........((......)).,-1.2000000476837158
CUACCAUUUCAUAGCGCAGC,....................,0.0
UGUGUCAGUCGGGAUGCUUC,.(((((......)))))...,-3.200000047683716
GGGCUGCUGCUGACCGUACU,.(((....))).........,-2.299999952316284
UCGGGGGCGCGCAUUGGAUA,..(.(....).)........,-0.30000001192092896
UGGCGGGACUUCUCGUGUGA,..(((((....)))))....,-4.699999809265137
GGGCUGGUCGACCCAGCAUC,..(((((.....)))))...,-7.599999904632568
CUGUUUUGUGACCCACAUUC,......((((...))))...,-1.2999999523162842
CGGCAUCAAGCGAACCUAUU,..((.....)).........,-0.800000011920929
CUGAGAACUUACUGUUCACA,....((((.....))))...,-3.4000000953674316
CCCGGCGUAUUCGUUACUCG,...((((....)))).....,-1.7000000476837158
CUGAGUUCAAGUGAUAUGAA,....................,0.0
CGCGCGAGGAGGCGACAUCA,..(((......)))......,-4.099999904632568
UUCUUAGCAUGCAAUAAGCG,..........((.....)).,-0.699999988079071
CGCCAUCCAGGAACACUUCU,..((.....)).........,-0.4000000059604645
ACCAAGACAUUACCCGCAUU,....................,0.0
AGUCAGGAAGUACCCGGCAG,.(((.((.....)).)))..,-3.700000047683716
AAGUAUAAGCUCUGAAACUU,....................,0.0
CACCAUCAGUAGCUUCAUCC,....................,0.0
AAACGACGUAUGUUGAGCAA,...((((....)))).....,-1.899999976158142
CAUAACGCACAGCCCGACCU,....................,0.0
UAAAAAGUUGCCUUUCGGAC,..........((....))..,-0.4000000059604645
AGUAGGACUUAACACUAACG,....................,0.0
GCUAAAGAUAAAGUAUAGCG,((((...........)))).,-2.200000047683716
UGAGUAGUGUGCGGGUGCUU,.(((((.(.....).))))),-2.700000047683716
AUUGCCAUCAUUUGUCGCUU,....................,0.0
CUUAUAUUGAUUGGUCCCGU,....................,0.0
GGAAAGGCAUCCAAGCGCCA,.....(((........))).,-4.199999809265137
UUCCACGUCUUUUAUGGCUA,......(((......)))..,-2.0999999046325684
